"","subregion","region","TotalBackers","MeanBackers","MedianBackers","MeanUSD","TotalUSD","MedianUSD"
"1","acadia","louisiana",0,0,0,0,0,0
"2","ada","idaho",892,27.875,9,2125.013125,68000.42,590
"3","adair","missouri",3,1,0,58.3333333333333,175,0
"4","adams","colorado",1747,26.0746268656716,7,2283.43373134328,152990.06,200
"5","adams","mississippi",49,12.25,1,1527.9975,6111.99,24
"6","addison","vermont",452,30.1333333333333,10,2491.94066666667,37379.11,251
"7","aiken","south carolina",472,20.5217391304348,5,2498.58913043478,57467.55,145
"8","alachua","florida",5404,44.2950819672131,5,4688.33549180328,571976.93,231.5
"9","alamance","north carolina",15885,88.25,24,5880.06794444444,1058412.23,1400
"10","alameda","california",192333,180.424953095685,42,13726.5054409006,14632454.8,2748.665
"11","alamosa","colorado",103,9.36363636363636,2,1466.45454545455,16131,26
"12","albany","new york",6393,34.9344262295082,10,2103.68710382514,384974.74,550
"13","albany","wyoming",1756,76.3478260869565,18,6068.02652173913,139564.61,736
"14","albemarle","virginia",10133,77.9461538461538,34,6187.84230769231,804419.5,2500
"15","allegheny","pennsylvania",50494,70.8190743338008,15,7448.20058906031,5310567.02,685.99
"16","allen","indiana",3862,38.62,7.5,2086.3661,208636.61,316
"17","alpena","michigan",23,5.75,6,296.5,1186,265
"18","anderson","tennessee",16,4,3,352.75,1411,165.5
"19","anderson","texas",168,28,5,2810.83333333333,16865,199.5
"20","andrews","texas",2,0.666666666666667,0,100,300,0
"21","androscoggin","maine",512,24.3809523809524,4,1946.36904761905,40873.75,122
"22","angelina","texas",21,3.5,2,159.666666666667,958,52.5
"23","anne arundel","maryland",1545,29.7115384615385,4.5,1471.44019230769,76514.89,117.5
"24","anoka","minnesota",2020,91.8181818181818,7,8582.40909090909,188813,335
"25","arapahoe","colorado",12602,69.2417582417582,13.5,4397.53934065934,800352.16,451
"26","aroostook","maine",69,13.8,0,393.476,1967.38,0
"27","ashtabula","ohio",212,26.5,3.5,1659.68125,13277.45,628
"28","atchison","kansas",10,3.33333333333333,2,77,231,25
"29","atlantic","new jersey",818,43.0526315789474,16,3026.16473684211,57497.13,463
"30","augusta","virginia",552,14.5263157894737,6,955.926842105263,36325.22,227.5
"31","autauga","alabama",2,1,1,22.5,45,22.5
"32","baker","oregon",34,17,17,362,724,362
"33","baldwin","alabama",1809,82.2272727272727,60,5344.03818181818,117568.84,2058
"34","baldwin","georgia",14,2.8,2,37.4,187,25
"35","baltimore","maryland",4407,95.804347826087,16,4813.94695652174,221441.56,603.5
"36","baltimore city","maryland",41649,60.890350877193,14,3933.79874269006,2690718.34,717
"37","bannock","idaho",1582,105.466666666667,7,6262.53533333333,93938.03,310
"38","barnes","north dakota",17,17,17,1470,1470,1470
"39","barnstable","massachusetts",1110,35.8064516129032,20,4339.33516129032,134519.39,905
"40","barrow","georgia",715,238.333333333333,4,9373,28119,50
"41","barton","kansas",2,2,2,50,50,50
"42","bartow","georgia",34,5.66666666666667,5.5,317,1902,265
"43","baxter","arkansas",44,7.33333333333333,2.5,395.833333333333,2375,102.5
"44","bay","florida",0,0,0,0,0,0
"45","bay","michigan",457,25.3888888888889,5.5,1396.16666666667,25131,144
"46","beadle","south dakota",14,7,7,319.5,639,319.5
"47","beaufort","south carolina",258,14.3333333333333,2.5,1313.11111111111,23636,148
"48","beaver","pennsylvania",13,4.33333333333333,3,280.333333333333,841,285
"49","beaverhead","montana",133,26.6,7,2746,13730,2300
"50","bedford","tennessee",38,6.33333333333333,2.5,316.75,1900.5,85.5
"51","bee","texas",1,1,1,25,25,25
"52","belknap","new hampshire",218,24.2222222222222,9,2077.39777777778,18696.58,478
"53","bell","texas",298,11.92,1,608.9192,15222.98,35
"54","beltrami","minnesota",378,23.625,9,1446.3125,23141,500
"55","bennington","vermont",1442,60.0833333333333,25,2379.36833333333,57104.84,960
"56","benton","arkansas",871,18.9347826086957,9.5,2848.16152173913,131015.43,630.5
"57","benton","oregon",2523,58.6744186046512,5,5520.68720930233,237389.55,350
"58","benton","washington",683,24.3928571428571,2,1555.93214285714,43566.1,52.5
"59","bergen","new jersey",9282,77.35,18,7034.31475,844117.77,913.5
"60","berkeley","south carolina",100,20,12,1684.4,8422,532
"61","berkeley","west virginia",196,10.8888888888889,3,347.833333333333,6261,88.5
"62","berkshire","massachusetts",1774,63.3571428571429,14.5,9529.88357142857,266836.74,1141
"63","bernalillo","new mexico",22923,79.8710801393728,10,6466.66414634146,1855932.61,486
"64","berrien","michigan",40,20,20,2176,4352,2176
"65","bexar","texas",15243,32.6402569593148,3,2259.2403640257,1055065.25,94
"66","bibb","georgia",2117,50.4047619047619,8.5,6482.27642857143,272255.61,372.88
"67","bingham","idaho",39,19.5,19.5,845,1690,845
"68","black hawk","iowa",182,12.1333333333333,13,1106.2,16593,547
"69","blaine","idaho",139,34.75,24,2079.75,8319,2002.5
"70","blair","pennsylvania",129,11.7272727272727,2,760.622727272727,8366.85,77
"71","blount","tennessee",216,14.4,4,1237.30133333333,18559.52,527
"72","blue earth","minnesota",691,23.0333333333333,13.5,1779.69933333333,53390.98,525
"73","bonner","idaho",3269,136.208333333333,8,28116.325,674791.8,574.5
"74","bonneville","idaho",2293,41.6909090909091,6,3389.48218181818,186421.52,268
"75","boone","illinois",20,2.85714285714286,3,162,1134,80
"76","boone","indiana",237,39.5,25.5,2898.16666666667,17389,1476
"77","boulder","colorado",69041,187.10298102981,36,19760.0543360434,7291460.05,2240
"78","box elder","utah",3,1,1,42,126,1
"79","branch","michigan",0,0,0,0,0,0
"80","brazoria","texas",708,37.2631578947368,12,1968.49526315789,37401.41,193
"81","brazos","texas",2662,49.2962962962963,7,3007.20685185185,162389.17,322.5
"82","brevard","florida",1024,17.6551724137931,3,1602.05172413793,92919,100.5
"83","bristol","massachusetts",4941,105.127659574468,6,5696.6014893617,267740.27,203
"84","bristol","rhode island",444,55.5,25.5,2996.8475,23974.78,1818.89
"85","bronx","new york",13,13,13,652,652,652
"86","brookings","south dakota",121,13.4444444444444,5,494.334444444444,4449.01,241
"87","Brooklyn","new york",370347,166.973399458972,55,13956.434594229,30955371.93,3380
"88","broome","new york",5144,75.6470588235294,13,3199.51544117647,217567.05,358.75
"89","broomfield","colorado",270,33.75,25.5,3587.375,28699,990.5
"90","broward","florida",36533,51.5275035260931,6,5664.45057827927,4016095.46,240
"91","brown","minnesota",73,18.25,3.5,1357.9975,5431.99,94.995
"92","brown","texas",28,28,28,1765,1765,1765
"93","brown","wisconsin",1048,17.7627118644068,3,1503.22881355932,88690.5,52
"94","bryan","georgia",24,12,12,317.5,635,317.5
"95","bryan","oklahoma",52,10.4,9,642.6,3213,580
"96","bucks","pennsylvania",120,7.5,3,1843,29488,25
"97","buffalo","nebraska",27,3.85714285714286,4,54.4285714285714,381,35
"98","bulloch","georgia",314,22.4285714285714,3,2288.57142857143,32040,29
"99","buncombe","north carolina",17113,68.7269076305221,20,5525.04698795181,1375736.7,1121
"100","burke","north carolina",44,8.8,8,246,1230,140
"101","burleigh","north dakota",510,36.4285714285714,2,5014.92928571429,70209.01,46.5
"102","burlington","new jersey",846,47,3,1659.76555555556,29875.78,135
"103","butler","missouri",14,3.5,3.5,152.75,611,60.5
"104","butler","ohio",3703,61.7166666666667,12.5,3263.20583333333,195792.35,590
"105","butler","pennsylvania",43,3.90909090909091,2,174.454545454545,1919,100
"106","butte","california",12766,187.735294117647,8,12442.6786764706,846102.15,312.5
"107","butte","south dakota",30,15,15,1177,2354,1177
"108","cabarrus","north carolina",22,11,11,417.5,835,417.5
"109","cabell","west virginia",1620,35.2173913043478,8,2293.97826086957,105523,310
"110","cache","utah",1515,32.9347826086956,6,1341.36869565217,61702.96,360.5
"111","caddo","louisiana",1883,23.2469135802469,4,1858.86234567901,150567.85,176
"112","calcasieu","louisiana",416,14.3448275862069,6,808.724137931035,23453,210
"113","caldwell","north carolina",28,4.66666666666667,4,252.696666666667,1516.18,186
"114","caldwell","texas",10,10,10,310,310,310
"115","calhoun","alabama",12,1.33333333333333,0,41.1111111111111,370,0
"116","calhoun","michigan",235,12.3684210526316,4,928.631578947368,17644,160
"117","callaway","missouri",1052,131.5,3,61536.425,492291.4,88
"118","cambria","pennsylvania",88,9.77777777777778,2,806.333333333333,7257,31
"119","camden","georgia",17,5.66666666666667,6,329.333333333333,988,297
"120","camden","new jersey",7220,75.2083333333333,8,2633.08614583333,252776.27,353
"121","cameron","texas",37,6.16666666666667,3.5,160.666666666667,964,102.5
"122","campbell","kentucky",133,133,133,5358,5358,5358
"123","campbell","virginia",1132,17.968253968254,6,1319.46396825397,83126.23,277
"124","campbell","wyoming",8,4,4,260,520,260
"125","canadian","oklahoma",961,50.5789473684211,10,6070.08736842105,115331.66,445
"126","canyon","idaho",1555,40.9210526315789,15.5,2531.83578947368,96209.76,1050
"127","cape girardeau","missouri",79,9.875,4,436.875,3495,90
"128","carbon","utah",9,3,3,112,336,105
"129","carbon","wyoming",2,2,2,11,11,11
"130","carlton","minnesota",28,14,14,542.5,1085,542.5
"131","carroll","georgia",28,4,3,190.428571428571,1333,41
"132","carroll","maryland",165,41.25,40.5,1823.5,7294,1379.5
"133","carroll","new hampshire",72,12,12.5,482,2892,639
"134","carson city","nevada",13927,870.4375,16,168562.125,2696994,564.5
"135","carter","oklahoma",111,27.75,32,2470.5,9882,2665.5
"136","carter","tennessee",0,0,0,0,0,0
"137","carver","minnesota",184,15.3333333333333,17.5,993.75,11925,886.5
"138","cascade","montana",465,31,4,2347.93333333333,35219,198
"139","cass","indiana",14,2.8,3,43.6,218,40
"140","cass","missouri",119,9.91666666666667,7.5,392.75,4713,105.5
"141","cass","north dakota",1412,23.1475409836066,9,1580.51573770492,96411.46,475
"142","cassia","idaho",0,0,0,0,0,0
"143","catawba","north carolina",372,24.8,12,1810.13333333333,27152,1047
"144","cattaraugus","new york",74,14.8,3,3337,16685,81
"145","cecil","maryland",774,64.5,16.5,11813.6225,141763.47,585
"146","centre","pennsylvania",3112,47.1515151515151,13.5,3914.59787878788,258363.46,603.5
"147","cerro gordo","iowa",35,5,3,215.142857142857,1506,73
"148","chambers","alabama",0,0,0,0,0,0
"149","champaign","illinois",28067,272.495145631068,28,16590.7758252427,1708849.91,1271.5
"150","charles","maryland",162,14.7272727272727,9,624.636363636364,6871,215
"151","charleston","south carolina",780,21.6666666666667,4,3166.25,113985,186.5
"152","charlotte","florida",169,7.34782608695652,2,363.217391304348,8354,60
"153","chatham","georgia",7346,42.7093023255814,18,3298.65843023256,567369.25,688
"154","chautauqua","new york",324,27,9.5,2124.83333333333,25498,279
"155","chemung","new york",334,30.3636363636364,2,1023.37363636364,11257.11,50
"156","cherokee","oklahoma",197,19.7,13,648.3,6483,230.5
"157","cherokee","south carolina",69,11.5,3.5,626.833333333333,3761,280.5
"158","cheshire","new hampshire",533,26.65,17,1793.05,35861,1327.5
"159","chester","pennsylvania",2356,43.6296296296296,19.5,3095.53592592593,167158.94,827.5
"160","chesterfield","virginia",0,0,0,0,0,0
"161","chippewa","wisconsin",254,127,127,5424.5,10849,5424.5
"162","chisago","minnesota",18,6,1,72,216,25
"163","chittenden","vermont",738,43.4117647058824,18,3910.16470588235,66472.8,1259
"164","christian","illinois",3,3,3,20,20,20
"165","christian","kentucky",580,145,72,12840.5,51362,5659
"166","christian","missouri",53,5.3,1.5,224.266,2242.66,37.5
"167","clackamas","oregon",1906,63.5333333333333,6.5,5054.61566666667,151638.47,220
"168","clallam","washington",41,5.85714285714286,2,453.571428571429,3175,11
"169","clark","arkansas",130,32.5,2.5,3013.75,12055,68
"170","clark","indiana",269,29.8888888888889,13,3124.76222222222,28122.86,485
"171","clark","nevada",55805,56.1418511066398,4,5221.96747484909,5190635.67,175
"172","clark","washington",3066,766.5,536,37291,149164,33828
"173","clay","florida",128,18.2857142857143,7,1111.85714285714,7783,584
"174","clay","mississippi",24,12,12,661.5,1323,661.5
"175","clay","missouri",206,22.8888888888889,6,2285.44444444444,20569,183
"176","clay","south dakota",53,17.6666666666667,17,1965.66666666667,5897,2402
"177","clayton","georgia",107,9.72727272727273,3,501.468181818182,5516.15,7
"178","cleveland","north carolina",252,19.3846153846154,4,1720.30769230769,22364,136
"179","cleveland","oklahoma",2946,42.695652173913,10,3535.20449275362,243929.11,397
"180","clinton","new york",371,33.7272727272727,19,2770.36363636364,30474,1140
"181","clinton","pennsylvania",9,3,3,25.6666666666667,77,37
"182","coahoma","mississippi",19,3.16666666666667,2.5,196.333333333333,1178,19.5
"183","cobb","georgia",4989,36.9555555555556,4,3557.01614814815,480197.18,100
"184","cochise","arizona",152,10.8571428571429,4.5,1005.78571428571,14081,316
"185","coconino","arizona",2402,30.025,7.5,1855.046875,148403.75,291
"186","coffee","alabama",91,11.375,1,775.75,6206,11
"187","coffee","tennessee",2,2,2,2,2,2
"188","colbert","alabama",343,57.1666666666667,21,3555.33333333333,21332,652.5
"189","cole","missouri",173,14.4166666666667,2.5,922.958333333333,11075.5,109
"190","coles","illinois",51,12.75,2,348,1392,40.5
"191","colfax","new mexico",9,9,9,380,380,380
"192","collier","florida",2,2,2,20,20,20
"193","collin","texas",28306,252.732142857143,10,13540.3947321429,1516524.21,380
"194","colquitt","georgia",56,18.6666666666667,13,1870.66666666667,5612,836
"195","columbia","arkansas",146,24.3333333333333,2,1701.5,10209,15.5
"196","columbia","florida",690,69,14,5021.858,50218.58,495.5
"197","columbia","georgia",57,9.5,8,1072.33333333333,6434,658
"198","columbia","pennsylvania",129,16.125,6.5,1015.92125,8127.37,393
"199","comal","texas",471,24.7894736842105,9,2225.15789473684,42278,845
"200","comanche","oklahoma",133,8.86666666666667,2,1668.5,25027.5,101
"201","contra costa","california",10253,54.8288770053476,11,5311.05459893048,993167.21,683
"202","cook","illinois",426239,139.293790849673,21,12920.3072875817,39536140.3,1075
"203","coos","oregon",250,15.625,4,896.6875,14347,451.5
"204","cortland","new york",34,34,34,1216,1216,1216
"205","coryell","texas",1,0.5,0.5,50,100,50
"206","coshocton","ohio",59,29.5,29.5,872.5,1745,872.5
"207","coweta","georgia",472,29.5,14.5,2496.03125,39936.5,480.5
"208","cowley","kansas",7,2.33333333333333,0,205,615,0
"209","cowlitz","washington",39,13,1,1781.66666666667,5345,20
"210","craighead","arkansas",311,16.3684210526316,1,875.815789473684,16640.5,35
"211","craven","north carolina",4,1.33333333333333,0,58.3333333333333,175,0
"212","crawford","arkansas",49,12.25,12.5,389.5,1558,276.5
"213","crawford","ohio",14,14,14,2500,2500,2500
"214","crawford","pennsylvania",32,4.57142857142857,5,230.514285714286,1613.6,141
"215","creek","oklahoma",40,8,3,1345.2,6726,1881
"216","crisp","georgia",8,2.66666666666667,1,217,651,5
"217","crittenden","arkansas",4,2,2,60,120,60
"218","crow wing","minnesota",339,56.5,20,8171,49026,967.5
"219","cullman","alabama",55,11,2,1207.4,6037,2
"220","culpeper","virginia",630,70,9,10676.5866666667,96089.28,860
"221","cumberland","maine",799,28.5357142857143,2,1735.46428571429,48593,68.5
"222","cumberland","new jersey",4393,141.709677419355,5,5919.0564516129,183490.75,205
"223","cumberland","north carolina",4022,30.469696969697,4,2084.25553030303,275121.73,144
"224","cumberland","tennessee",0,0,0,0,0,0
"225","custer","montana",13,13,13,1035,1035,1035
"226","cuyahoga","ohio",36703,66.9762773722628,7,4500.82135036496,2466450.1,321.5
"227","dakota","minnesota",3622,120.733333333333,14.5,9655.24533333333,289657.36,749
"228","dallas","texas",166157,134.649108589951,7,8906.07940032415,10990101.98,285
"229","dane","wisconsin",27767,83.3843843843844,21,5161.20366366366,1718680.82,989
"230","dauphin","pennsylvania",1962,24.8354430379747,5,1562.66506329114,123450.54,192
"231","davidson","north carolina",238,21.6363636363636,2,1234.72727272727,13582,130
"232","davidson","tennessee",134528,102.928844682479,32,9427.49091813313,12321730.63,2398
"233","daviess","kentucky",560,56,4,2058.7,20587,88
"234","davis","utah",21007,276.407894736842,29.5,13945.4865789474,1059856.98,1432.5
"235","davison","south dakota",0,0,0,0,0,0
"236","de kalb","alabama",57,11.4,3,265,1325,75
"237","de kalb","georgia",970,22.5581395348837,3,1194.60465116279,51368,96
"238","de soto","mississippi",412,25.75,5,1946.1875,31139,122.5
"239","decatur","georgia",69,69,69,7844,7844,7844
"240","deer lodge","montana",39,39,39,6841,6841,6841
"241","defiance","ohio",61,20.3333333333333,4,1174,3522,301
"242","delaware","indiana",797,20.4358974358974,5,931.746153846154,36338.1,226
"243","delaware","ohio",2332,111.047619047619,24,14761.700952381,309995.72,2518
"244","delaware","pennsylvania",64,16,11.5,1030.5,4122,1055
"245","denton","texas",7199,44.4382716049383,12.5,3150.01240740741,510302.01,708.585
"246","denver","colorado",241970,204.539306846999,15,12080.1949196957,14290870.59,818
"247","deschutes","oregon",8444,99.3411764705882,9,9580.01494117647,814301.27,507
"248","dickson","tennessee",408,68,24,2693.02333333333,16158.14,1900
"249","dodge","wisconsin",0,0,0,0,0,0
"250","dona ana","new mexico",1094,28.0512820512821,6,2049.11051282051,79915.31,325
"251","door","wisconsin",100,20,20,1709.4,8547,1707
"252","dorchester","south carolina",144,11.0769230769231,5,570.384615384615,7415,227
"253","douglas","colorado",1134,29.8421052631579,7,3115.10526315789,118374,1155.5
"254","douglas","georgia",157,11.2142857142857,5.5,590.642857142857,8269,215
"255","douglas","kansas",4059,50.7375,21.5,3449.42225,275953.78,1300.5
"256","douglas","nebraska",6989,36.0257731958763,6,2280.04417525773,442328.57,247.5
"257","douglas","oregon",520,34.6666666666667,4,1068.59866666667,16028.98,185
"258","douglas","washington",215,19.5454545454545,6,1556.72727272727,17124,252
"259","douglas","wisconsin",175,29.1666666666667,2,1223,7338,28
"260","du page","illinois",5817,42.7720588235294,7,3537.48088235294,481097.4,239
"261","dubois","indiana",229,15.2666666666667,6,2524.8,37872,277
"262","dubuque","iowa",3096,206.4,6,8690.09933333333,130351.49,105
"263","dunklin","missouri",48,48,48,849,849,849
"264","dunn","wisconsin",349,38.7777777777778,25,2461.07777777778,22149.7,1040
"265","durham","north carolina",13586,75.8994413407821,17,7766.38988826816,1390183.79,1021
"266","dutchess","new york",4549,68.9242424242424,16,4406.93909090909,290857.98,790
"267","duval","florida",11362,33.5162241887906,5,2573.09300884956,872278.53,206
"268","east baton rouge","louisiana",3833,33.0431034482759,4,2835.22862068966,328886.52,116
"269","eaton","michigan",93,18.6,1,1365.4,6827,50
"270","eau claire","wisconsin",1624,33.1428571428571,7,1994.33224489796,97722.28,335
"271","ector","texas",2670,242.727272727273,5,12480.0736363636,137280.81,261
"272","edgecombe","north carolina",7,3.5,3.5,80.5,161,80.5
"273","effingham","georgia",2,1,1,62.5,125,62.5
"274","effingham","illinois",148,21.1428571428571,2,1143.14142857143,8001.99,36
"275","el dorado","california",1222,29.0952380952381,9.5,3545.83357142857,148925.01,502.5
"276","el paso","colorado",13545,47.03125,5,4862.6834375,1400452.83,233.5
"277","el paso","texas",1783,19.8111111111111,3,1447.85222222222,130306.7,106
"278","elkhart","indiana",806,32.24,8,2105.5308,52638.27,300
"279","elko","nevada",12,2,1.5,101.5,609,10.5
"280","ellis","kansas",3,1,1,37.3333333333333,112,42
"281","ellis","texas",285,40.7142857142857,5,2399.96428571429,16799.75,557
"282","elmore","alabama",148,29.6,7,1876.934,9384.67,345
"283","erath","texas",27,4.5,4,223.666666666667,1342,91
"284","erie","new york",7562,34.0630630630631,7.5,2859.35675675676,634777.2,293.5
"285","erie","ohio",935,66.7857142857143,16.5,4069.78714285714,56977.02,900
"286","escambia","florida",38,12.6666666666667,1,1039,3117,1
"287","essex","massachusetts",5883,79.5,17,18433.5674324324,1364083.99,876.5
"288","essex","new jersey",12805,46.3949275362319,5,4527.06260869565,1249469.28,173
"289","etowah","alabama",18,4.5,0,401,1604,0
"290","fairfax","virginia",21954,102.111627906977,10,8876.89195348837,1908531.77,485
"291","fairfield","connecticut",14966,84.0786516853933,9,20210.8141573034,3597524.92,537.5
"292","fairfield","ohio",204,68,54,3378.66666666667,10136,4000
"293","fannin","texas",0,0,0,0,0,0
"294","faulkner","arkansas",349,12.4642857142857,3.5,1266.35714285714,35458,191.5
"295","fayette","georgia",201,67,3,4713.66666666667,14141,208
"296","fayette","indiana",101,33.6666666666667,1,2955.33333333333,8866,1
"297","fayette","pennsylvania",33,11,3,266.333333333333,799,84
"298","fergus","montana",111,37,27,4870.33333333333,14611,2045
"299","flagler","florida",248,10.3333333333333,6,708.958333333333,17015,334
"300","flathead","montana",4605,109.642857142857,12.5,7565.5980952381,317755.12,515
"301","floyd","indiana",516,30.3529411764706,3,2215.05882352941,37656,49
"302","fond du lac","wisconsin",151,10.0666666666667,3,1115.33333333333,16730,72
"303","ford","kansas",73,10.4285714285714,6,784.428571428571,5491,100
"304","forrest","mississippi",679,26.1153846153846,5,993.235384615385,25824.12,143
"305","forsyth","north carolina",3728,33.8909090909091,5,3102.606,341286.66,133
"306","fort bend","texas",1836,32.2105263157895,3,4028.42824561403,229620.41,80
"307","franklin","maine",91,45.5,45.5,2919.5,5839,2919.5
"308","franklin","ohio",54243,69.0114503816794,8,5376.603956743,4226010.71,330
"309","franklin","pennsylvania",1201,92.3846153846154,6,6318.46153846154,82140,170
"310","franklin","vermont",2,2,2,55,55,55
"311","franklin","washington",32,4.57142857142857,1,539.285714285714,3775,10
"312","frederick","maryland",2273,48.3617021276596,8,3310.3085106383,155584.5,306
"313","freeborn","minnesota",13,4.33333333333333,4,496,1488,220
"314","fremont","colorado",191,63.6666666666667,0,1745,5235,0
"315","fremont","wyoming",2,2,2,40,40,40
"316","fresno","california",2529,18.1942446043165,5,1319.04079136691,183346.67,176
"317","fulton","georgia",202853,109.119419042496,5,12316.8984991931,22897114.31,180
"318","fulton","new york",12,3,1.5,251,1004,1.5
"319","gage","nebraska",17,8.5,8.5,155,310,155
"320","gallatin","montana",27691,314.670454545455,36.5,48601.3448863636,4276918.35,2303
"321","galveston","texas",376,15.6666666666667,3,1052.60416666667,25262.5,40
"322","garfield","colorado",136,34,31,3294,13176,3036
"323","garfield","oklahoma",185,23.125,5,1353.8975,10831.18,183.5
"324","garland","arkansas",414,13.8,5,1138.86666666667,34166,105.5
"325","gaston","north carolina",51,5.1,1.5,220.1,2201,100
"326","geary","kansas",21,10.5,10.5,626,1252,626
"327","gem","idaho",287,47.8333333333333,12,3302.5,19815,885
"328","genesee","michigan",4223,53.4556962025316,7,3499.51189873418,276461.44,225
"329","gibson","tennessee",0,0,0,0,0,0
"330","gloucester","new jersey",1349,42.15625,7,4061.15,129956.8,405.5
"331","goodhue","minnesota",79,26.3333333333333,1,1686.66666666667,5060,10
"332","gordon","georgia",430,86,24,3813.788,19068.94,1061.94
"333","grady","oklahoma",45,22.5,22.5,1137.5,2275,1137.5
"334","grafton","new hampshire",34,8.5,4.5,1251.5,5006,220.5
"335","graham","arizona",4,4,4,91,91,91
"336","grand traverse","michigan",1985,34.8245614035088,8,2396.00315789474,136572.18,308
"337","grant","new mexico",324,64.8,43,3872.1,19360.5,2887
"338","grant","washington",36,18,18,2712.825,5425.65,2712.825
"339","grant","wisconsin",1,1,1,1,1,1
"340","graves","kentucky",10,2.5,2.5,35.75,143,28
"341","grayson","texas",110,11,7,1575.6,15756,292.5
"342","greene","arkansas",53,17.6666666666667,1,802.333333333333,2407,20
"343","greene","missouri",26,13,13,557,1114,557
"344","greene","ohio",342,48.8571428571429,4,2762.57142857143,19338,111
"345","greene","tennessee",265,29.4444444444444,2,515.927777777778,4643.35,20
"346","greenup","kentucky",0,0,0,0,0,0
"347","greenville","south carolina",514,28.5555555555556,4,2562.16666666667,46119,111.5
"348","gregg","texas",465,16.6071428571429,5,1371.87535714286,38412.51,184
"349","grundy","illinois",149,24.8333333333333,2.5,1048.94833333333,6293.69,75.5
"350","guadalupe","texas",118,39.3333333333333,50,2717,8151,2760
"351","guilford","north carolina",5724,35.1165644171779,7,2203.31122699387,359139.73,330
"352","gwinnett","georgia",3269,40.358024691358,4,4301.4987654321,348421.4,195
"353","halifax","north carolina",95,95,95,2810,2810,2810
"354","hall","nebraska",9,1.8,2,98.8,494,11
"355","hamblen","tennessee",1513,65.7826086956522,19,2812.52391304348,64688.05,1542
"356","hamilton","indiana",4877,118.951219512195,11,13040.2346341463,534649.62,409
"357","hamilton","ohio",31390,68.0911062906725,8,7379.25388286334,3401836.04,310
"358","hamilton","tennessee",9230,58.0503144654088,11,5064.22088050315,805211.12,526
"359","hampden","massachusetts",22428,64.8208092485549,8,5017.40300578035,1736021.44,298.5
"360","hampshire","massachusetts",14382,449.4375,86.5,20838.5175,666832.56,3414.25
"361","hampton","virginia",1306,30.3720930232558,4,2350.77069767442,101083.14,91
"362","hancock","maine",52,17.3333333333333,17,2653.66666666667,7961,1103
"363","hancock","ohio",546,42,24,3108.29538461538,40407.84,1755.01
"364","hancock","west virginia",140,23.3333333333333,10.5,950.166666666667,5701,333
"365","hanover","virginia",70,7.77777777777778,4,548.888888888889,4940,100
"366","hardin","kentucky",315,18.5294117647059,2,2185.61176470588,37155.4,100
"367","harford","maryland",10,2,1,95.8,479,56
"368","harris","texas",123715,93.2993966817496,4,7653.5687254902,10148632.13,160
"369","harrison","texas",218,31.1428571428571,4,2381.63714285714,16671.46,1155
"370","harrison","west virginia",66,16.5,3.5,1303.71,5214.84,140.5
"371","hartford","connecticut",8999,52.625730994152,10,4145.34900584795,708854.68,462
"372","hays","texas",3222,214.8,157,8483.88066666667,127258.21,6250
"373","haywood","north carolina",56,14,9.5,2435,9740,517.5
"374","hempstead","arkansas",2,1,1,27.5,55,27.5
"375","hendricks","indiana",4,2,2,10,20,10
"376","hennepin","minnesota",134187,95.7111269614836,26,9150.13062054208,12828483.13,1257.5
"377","henrico","virginia",27513,65.6634844868735,9,4459.10233890215,1868363.88,427
"378","henry","georgia",2080,148.571428571429,12,6315.71428571429,88420,755
"379","henry","illinois",3,1.5,1.5,20,40,20
"380","henry","ohio",25,12.5,12.5,1043.5,2087,1043.5
"381","henry","virginia",1437,89.8125,24,8172.5,130760,804.5
"382","hernando","florida",323,17,1,963.246842105263,18301.69,1
"383","hidalgo","texas",247,9.14814814814815,3,426.333333333333,11511,75
"384","highlands","florida",46,9.2,2,231.38,1156.9,100
"385","hillsborough","florida",6050,151.25,4.5,10538.095,421523.8,103
"386","hillsborough","new hampshire",7669,72.3490566037736,19,5401.64226415094,572574.08,1359.5
"387","hinds","mississippi",6835,52.984496124031,6,5027.43240310078,648538.78,436
"388","hockley","texas",0,0,0,0,0,0
"389","hopkins","kentucky",46,6.57142857142857,1,358.285714285714,2508,20
"390","hopkins","texas",17,8.5,8.5,280,560,280
"391","horry","south carolina",2613,39.5909090909091,3,9621.80378787879,635039.05,68
"392","hot spring","arkansas",885,68.0769230769231,32,4162.80846153846,54116.51,1682
"393","houston","alabama",182,14,4,1175.54923076923,15282.14,70
"394","houston","georgia",370,19.4736842105263,3,1651.42105263158,31377,16
"395","howard","indiana",352,19.5555555555556,1.5,971.555555555556,17488,48
"396","howard","maryland",227,25.2222222222222,5,2146.77777777778,19321,96
"397","howard","texas",12,3,2.5,89.25,357,68
"398","howell","missouri",58,9.66666666666667,5.5,714.166666666667,4285,116.5
"399","hudson","new jersey",17960,128.285714285714,17,7724.57364285714,1081440.31,1016
"400","humboldt","california",1766,34.6274509803922,11,2182.24980392157,111294.74,545
"401","humboldt","nevada",28,28,28,1287,1287,1287
"402","iberia","louisiana",9,4.5,4.5,51,102,51
"403","imperial","california",53,4.07692307692308,1,81.7692307692308,1063,25
"404","independence","arkansas",236,59,5,4563,18252,33.5
"405","indian river","florida",163,6.52,1,536.7232,13418.08,10
"406","indiana","pennsylvania",19,19,19,2180,2180,2180
"407","ingham","michigan",6250,44.3262411347518,7,2425.11588652482,341941.34,315
"408","ionia","michigan",74,24.6666666666667,3,1808.33333333333,5425,60
"409","iredell","north carolina",1113,42.8076923076923,8,3869.61615384615,100610.02,210.5
"410","iron","utah",1753,56.5483870967742,21,5980.88709677419,185407.5,884
"411","island","washington",106,15.1428571428571,2,659.142857142857,4614,21
"412","jackson","illinois",3578,77.7826086956522,11.5,3540.81260869565,162877.38,510.5
"413","jackson","indiana",382,34.7272727272727,16,2058.09727272727,22639.07,535
"414","jackson","mississippi",13,13,13,10027,10027,10027
"415","jackson","missouri",31846,55.5776614310646,10,4187.80757417103,2399613.74,511
"416","jackson","oklahoma",4,4,4,103,103,103
"417","jackson","oregon",5085,86.1864406779661,16,9377.18644067797,553254,1050
"418","james city","virginia",3771,107.742857142857,25,7582.83828571429,265399.34,1755
"419","jasper","missouri",1099,28.1794871794872,6,1574.59461538462,61409.19,171
"420","jefferson","alabama",70,11.6666666666667,5.5,720.333333333333,4322,169.5
"421","jefferson","colorado",6394,60.3207547169811,10,2634.11943396226,279216.66,485.5
"422","jefferson","kentucky",21810,84.5348837209302,8,5116.20205426357,1319980.13,371
"423","jefferson","louisiana",116,8.28571428571429,2,280.357142857143,3925,13
"424","jefferson","missouri",505,72.1428571428571,6,1997.80571428571,13984.64,335
"425","jefferson","ohio",54,10.8,2,563,2815,35
"426","jefferson","texas",495,27.5,11,3596.10888888889,64729.96,553.5
"427","jefferson","washington",6979,348.95,47,44636.578,892731.56,2357
"428","jefferson","wisconsin",30,10,2,696,2088,25
"429","jennings","indiana",435,435,435,11090,11090,11090
"430","jerome","idaho",29,5.8,2,228,1140,31
"431","jessamine","kentucky",57,11.4,12,353.8,1769,335
"432","johnson","indiana",527,29.2777777777778,3,1107.11111111111,19928,76.5
"433","johnson","iowa",8780,114.025974025974,23,6245.91974025974,480935.82,963
"434","johnson","kansas",9733,78.491935483871,9.5,23990.9151612903,2974873.48,445.5
"435","johnson","missouri",99,19.8,13,2479.762,12398.81,780
"436","johnson","texas",164,16.4,5,816.8,8168,228
"437","josephine","oregon",753,39.6315789473684,5,1407.42157894737,26741.01,195
"438","kalamazoo","michigan",4272,44.9684210526316,23,3290.22947368421,312571.8,1055
"439","kanawha","west virginia",41,20.5,20.5,611,1222,611
"440","kandiyohi","minnesota",121,24.2,3,5164.8,25824,190
"441","kane","illinois",4035,79.1176470588235,21,5561.67980392157,283645.67,1120
"442","kankakee","illinois",49,3.5,1.5,258.428571428571,3618,12
"443","kay","oklahoma",3,1,1,21.6666666666667,65,10
"444","kendall","illinois",1167,58.35,9,2711.03,54220.6,499
"445","kennebec","maine",209,19,2,1488.27272727273,16371,91
"446","kenosha","wisconsin",535,21.4,7,1956.88,48922,262
"447","kent","delaware",8209,144.017543859649,18,15795.8887719298,900365.66,1055
"448","kent","michigan",26782,71.4186666666667,13,4714.05549333333,1767770.81,615
"449","kent","rhode island",57,7.125,3,970,7760,112.5
"450","kenton","kentucky",540,15.8823529411765,3.5,1003.82676470588,34130.11,199
"451","kern","california",1974,20.3505154639175,6,2082.86092783505,202037.51,201
"452","kerr","texas",174,19.3333333333333,3,2822,25398,56
"453","king","washington",85059,281.652317880795,17,20353.2930794702,6146694.51,962.95
"454","kings","california",43,5.375,1.5,113.875,911,60
"455","kittitas","washington",409,45.4444444444444,5,2213.66666666667,19923,174
"456","klamath","oregon",128,11.6363636363636,3,690.090909090909,7591,109
"457","kleberg","texas",192,24,10,596,4768,307.5
"458","knox","illinois",11,5.5,5.5,198.5,397,198.5
"459","knox","tennessee",14717,85.0693641618497,9,7019.41335260116,1214358.51,435
"460","kootenai","idaho",1127,51.2272727272727,7,3055,67210,304.5
"461","kossuth","iowa",104,52,52,2282,4564,2282
"462","la crosse","wisconsin",107,5.35,1.5,270.4055,5408.11,50
"463","la porte","indiana",286,23.8333333333333,2.5,1796.66666666667,21560,67.5
"464","la salle","illinois",37,7.4,2,545.2,2726,26
"465","labette","kansas",2,0.666666666666667,0,8.33333333333333,25,0
"466","lackawanna","pennsylvania",916,18.6938775510204,5,1238.96244897959,60709.16,142
"467","lafayette","louisiana",63284,494.40625,20,42016.950859375,5378169.71,860
"468","lafourche","louisiana",22,7.33333333333333,4,355.043333333333,1065.13,58.13
"469","lake","california",5,1.25,0,46.25,185,0
"470","lake","florida",563,23.4583333333333,6.5,1818.66666666667,43648,170.5
"471","lake","illinois",5466,75.9166666666667,10.5,7071.30361111111,509133.86,410.5
"472","lake","indiana",1092,18.5084745762712,3,1006.60305084746,59389.58,70
"473","lake","montana",4,2,2,16.5,33,16.5
"474","lake","ohio",204,15.6923076923077,6,551.637692307692,7171.29,125
"475","lamoille","vermont",99,99,99,7280,7280,7280
"476","lancaster","nebraska",23022,177.092307692308,10,10649.0857692308,1384381.15,420.5
"477","lancaster","pennsylvania",129,18.4285714285714,5,955.428571428571,6688,90
"478","lane","oregon",6580,40.3680981595092,12,3989.50674846626,650289.6,437
"479","lapeer","michigan",953,476.5,476.5,6888.5,13777,6888.5
"480","laramie","wyoming",2216,76.4137931034483,4,7511.59655172414,217836.3,78
"481","larimer","colorado",9062,53.3058823529412,16,5026.01058823529,854421.8,874.5
"482","lassen","california",19,9.5,9.5,864.5,1729,864.5
"483","laurens","south carolina",1,1,1,10,10,10
"484","lawrence","pennsylvania",366,21.5294117647059,5,8240.76470588235,140093,266
"485","lawrence","south dakota",57,7.125,2.5,158.25,1266,122.5
"486","lawrence","tennessee",262,23.8181818181818,9,4632.86363636364,50961.5,465
"487","lea","new mexico",5,5,5,125,125,125
"488","leavenworth","kansas",678,67.8,5.5,4223.223,42232.23,665.5
"489","lebanon","pennsylvania",3333,119.035714285714,35.5,7788.80607142857,218086.57,2323.5
"490","lee","alabama",6747,65.504854368932,13,5152.11252427184,530667.59,620
"491","lee","florida",2744,27.7171717171717,4,1502.89595959596,148786.7,90
"492","lee","iowa",4,2,2,22.5,45,22.5
"493","lee","mississippi",226,16.1428571428571,7.5,1409.72214285714,19736.11,338.5
"494","lehigh","pennsylvania",2659,35.4533333333333,5,3391.5644,254367.33,192
"495","lenawee","michigan",44,7.33333333333333,1.5,166.166666666667,997,35
"496","lenoir","north carolina",3,1.5,1.5,22.5,45,22.5
"497","leon","florida",6694,38.2514285714286,4,2158.38217142857,377716.88,121
"498","lewis","washington",182,20.2222222222222,7,1611.12444444444,14500.12,507
"499","lewis and clark","montana",694,36.5263157894737,18,2110,40090,615
"500","lexington","south carolina",83,11.8571428571429,1,803.252857142857,5622.77,45
"501","liberty","georgia",4,1,0,25.75,103,0
"502","licking","ohio",40,13.3333333333333,3,2766.66666666667,8300,570
"503","lincoln","louisiana",55,13.75,14,543.1875,2172.75,336.375
"504","lincoln","maine",75,75,75,3216,3216,3216
"505","lincoln","mississippi",132,26.4,24,1936.4,9682,1050
"506","lincoln","nebraska",8,1.6,2,52.8,264,51
"507","lincoln","new mexico",178,59.3333333333333,78,2271.33333333333,6814,3078
"508","lincoln","north carolina",16,16,16,8500,8500,8500
"509","lincoln","wisconsin",0,0,0,0,0,0
"510","linn","iowa",1862,35.1320754716981,16,2382.15132075472,126254.02,647
"511","litchfield","connecticut",2643,125.857142857143,5,29686.1252380952,623408.63,450
"512","livingston","louisiana",8,2.66666666666667,2,412.333333333333,1237,111
"513","livingston","michigan",613,36.0588235294118,8,1962.91058823529,33369.48,500
"514","logan","oklahoma",156,31.2,48,1580.6,7903,1140
"515","lonoke","arkansas",53,17.6666666666667,17,1053.33333333333,3160,1525
"516","lorain","ohio",4013,50.7974683544304,8,3654.59316455696,288712.86,216
"517","los alamos","new mexico",316,39.5,17.5,3485,27880,998
"518","los angeles","california",1400042,192.737059471366,24,14925.1520250551,108416304.31,1456
"519","loudon","tennessee",59,19.6666666666667,2,782.243333333333,2346.73,35
"520","loudoun","virginia",3168,113.142857142857,8,6269.07142857143,175534,259
"521","lowndes","georgia",133,8.3125,4,415.355625,6645.69,95.5
"522","lubbock","texas",996,19.1538461538462,6.5,1753.49846153846,91181.92,305
"523","lucas","ohio",5354,39.0802919708029,5,1967.73810218978,269580.12,170
"524","luna","new mexico",0,0,0,0,0,0
"525","luzerne","pennsylvania",314,12.0769230769231,4,994.872692307692,25866.69,238
"526","lycoming","pennsylvania",215,9.34782608695652,2,664.913043478261,15293,45
"527","lyon","kansas",2,0.4,0,4.4,22,0
"528","lyon","nevada",0,0,0,0,0,0
"529","macomb","michigan",616,16.6486486486486,1,849.513513513514,31432,20
"530","macon","illinois",2350,42.7272727272727,6,3080.50581818182,169427.82,202
"531","madera","california",2,1,1,18,36,18
"532","madison","alabama",5950,44.0740740740741,6,3023.16540740741,408127.33,220
"533","madison","idaho",830,28.6206896551724,13,1782.80206896552,51701.26,421
"534","madison","illinois",1628,54.2666666666667,2.5,7556.32666666667,226689.8,92.5
"535","madison","indiana",649,24.037037037037,6,1532.22222222222,41370,81
"536","madison","mississippi",5303,883.833333333333,148,52506.8333333333,315041,8397
"537","madison","new york",41,5.85714285714286,4,196.395714285714,1374.77,100
"538","mahoning","ohio",1023,17.3389830508475,4,1481.73,87422.07,105
"539","manatee","florida",3142,65.4583333333333,4,10256.5514583333,492314.47,108.5
"540","Manhattan","new york",52814,63.326139088729,17,7393.16057553957,6165895.92,1167.5
"541","manitowoc","wisconsin",141,28.2,15,1328.622,6643.11,1445
"542","marathon","wisconsin",9631,566.529411764706,4,26776.3529411765,455198,270
"543","maricopa","arizona",193701,121.824528301887,8,13281.3788238994,21117392.33,360
"544","marin","california",3919,89.0681818181818,34.5,18544.8459090909,815973.22,2928
"545","marinette","wisconsin",0,0,0,0,0,0
"546","marion","florida",280,5.71428571428571,3,365.938775510204,17931,30
"547","marion","indiana",51914,101.196881091618,6,8649.32528265107,4437103.87,260
"548","marion","iowa",2,2,2,20,20,20
"549","marion","missouri",63,21,6,3037.33333333333,9112,176
"550","marion","ohio",1522,69.1818181818182,5,1579.68181818182,34753,144.5
"551","marion","oregon",6932,48.1388888888889,10,4247.41590277778,611627.89,441.91
"552","marion","west virginia",560,46.6666666666667,5,4348.115,52177.38,123
"553","marquette","michigan",307,27.9090909090909,10,2129.64636363636,23426.11,618
"554","marshall","alabama",109,27.25,2.5,3064.875,12259.5,66.75
"555","marshall","iowa",179,44.75,48,3767,15068,1897
"556","marshall","tennessee",746,93.25,39,5953.125,47625,1695.5
"557","martin","florida",1034,39.7692307692308,13.5,4352.63653846154,113168.55,2447
"558","mccracken","kentucky",455,28.4375,6,1556.125,24898,302.5
"559","mcdonough","illinois",532,31.2941176470588,7,2480.46117647059,42167.84,210
"560","mchenry","illinois",5575,150.675675675676,130,5129.98702702703,189809.52,4886
"561","mckinley","new mexico",44,22,22,1077.5,2155,1077.5
"562","mclean","illinois",377,22.1764705882353,9,2364.29411764706,40193,392
"563","mclennan","texas",3262,59.3090909090909,4,3813.18363636364,209725.1,123
"564","mecklenburg","north carolina",24029,50.6940928270042,3,3472.1388185654,1645793.8,98.5
"565","mecosta","michigan",88,44,44,2777.5,5555,2777.5
"566","medina","ohio",331,33.1,4,2892.7,28927,100.5
"567","mendocino","california",362,36.2,15.5,1494.9,14949,708.5
"568","merced","california",130,11.8181818181818,0,810.454545454545,8915,0
"569","mercer","new jersey",6907,52.3257575757576,10,6786.56840909091,895827.03,330.5
"570","mercer","ohio",4,4,4,32,32,32
"571","mercer","pennsylvania",5,1.66666666666667,0,23.3333333333333,70,0
"572","mercer","west virginia",149,74.5,74.5,5010.225,10020.45,5010.225
"573","merrimack","new hampshire",903,112.875,5,5172.3925,41379.14,545.5
"574","mesa","colorado",361,11.28125,3,1044.895,33436.64,109.5
"575","miami","indiana",96,48,48,5069.5,10139,5069.5
"576","miami","ohio",53,10.6,3,556.154,2780.77,117.77
"577","miami-dade","florida",2682,62.3720930232558,5,5829.34,250661.62,228
"578","middlesex","connecticut",979,54.3888888888889,26,4859.79166666667,87476.25,2056.5
"579","middlesex","massachusetts",70842,137.557281553398,23,11721.4858640777,6036565.22,1118
"580","middlesex","new jersey",5747,65.3068181818182,7,5916.86545454545,520684.16,336.5
"581","midland","texas",318,11.3571428571429,5,766.451071428571,21460.63,202
"582","miller","arkansas",460,41.8181818181818,1,1937.32818181818,21310.61,38
"583","milwaukee","wisconsin",32924,89.7111716621253,13,5768.71196185286,2117117.29,560
"584","minidoka","idaho",16,8,8,795.5,1591,795.5
"585","minnehaha","south dakota",2317,34.5820895522388,4,2871.96417910448,192421.6,165
"586","mississippi","arkansas",13,4.33333333333333,1,87,261,100
"587","missoula","montana",14462,178.543209876543,25,12385.1891358025,1003200.32,1336.13
"588","mohave","arizona",1275,63.75,7,5332.05,106641,400
"589","monmouth","new jersey",4467,111.675,15.5,7495.2375,299809.5,961
"590","monongalia","west virginia",1350,45,10.5,4517.53333333333,135526,445
"591","monroe","new york",19870,64.3042071197411,13,4217.30582524272,1303147.5,556
"592","monroe","pennsylvania",3,0.5,0,11.8333333333333,71,0
"593","monterey","california",3401,33.343137254902,5,2754.38892156863,280947.67,223
"594","montezuma","colorado",144,36,13,4427.25,17709,160.5
"595","montgomery","alabama",608,12.4081632653061,2,758.995918367347,37190.8,50
"596","montgomery","indiana",5,1.66666666666667,0,40.6666666666667,122,0
"597","montgomery","kansas",53,7.57142857142857,2,188.5,1319.5,32
"598","montgomery","maryland",25233,105.577405857741,9,18274.369539749,4367574.32,247
"599","montgomery","ohio",14402,64.8738738738739,7.5,3340.82306306306,741662.72,427.5
"600","montgomery","pennsylvania",1043,41.72,3,2740.8148,68520.37,177
"601","montgomery","tennessee",1139,21.4905660377358,5,1101.81339622642,58396.11,173
"602","montgomery","texas",8531,208.073170731707,12,36408.966097561,1492767.61,590
"603","montgomery","virginia",1212,31.0769230769231,21,2540.95384615385,99097.2,772
"604","montrose","colorado",6,1.5,1,99.25,397,25
"605","moore","north carolina",263,32.875,32,2163.8275,17310.62,2242
"606","moore","texas",18,18,18,4310,4310,4310
"607","morehouse","louisiana",1,1,1,1,1,1
"608","morgan","alabama",1,0.5,0.5,2.5,5,2.5
"609","morgan","colorado",41,20.5,20.5,910,1820,910
"610","morris","new jersey",451,41,18,3045.54545454545,33501,1510
"611","morton","north dakota",29,5.8,3,249.6,1248,130
"612","multnomah","oregon",336445,168.475212819229,34,16148.075132699,32247706.04,2025
"613","muscatine","iowa",9,3,2,81,243,6
"614","muskegon","michigan",232,8.92307692307692,4,917.5,23855,56.5
"615","muskingum","ohio",25,12.5,12.5,655.5,1311,655.5
"616","muskogee","oklahoma",303,33.6666666666667,21,2116.44444444444,19048,915
"617","nacogdoches","texas",207,17.25,5.5,1098.75,13185,227.5
"618","napa","california",1549,53.4137931034483,23,3767.62448275862,109261.11,702
"619","nash","north carolina",16,1.77777777777778,1,34,306,1
"620","nassau","florida",127,21.1666666666667,8,2244.33333333333,13466,575
"621","nassau","new york",16918,174.412371134021,11,5161.03680412371,500620.57,375
"622","natchitoches","louisiana",4,2,2,61,122,61
"623","natrona","wyoming",277,21.3076923076923,2,3355.07692307692,43616,151
"624","navajo","arizona",685,137,2,2764.8,13824,38
"625","navarro","texas",564,188,1,6496.66666666667,19490,25
"626","nelson","kentucky",9,4.5,4.5,145,290,145
"627","neosho","kansas",10,5,5,43,86,43
"628","nevada","california",2140,59.4444444444444,10,5637.83861111111,202962.19,900
"629","new castle","delaware",19,9.5,9.5,367.5,735,367.5
"630","new hanover","north carolina",41848,172.213991769547,10,16219.8823868313,3941431.42,316
"631","new haven","connecticut",13964,49.6939501779359,14,3821.21608540925,1073761.72,755
"632","new london","connecticut",792,26.4,6,2157.65,64729.5,426.5
"633","new york","new york",704865,140.775913720791,32,14124.111733573,70719427.45,2130
"634","newberry","south carolina",0,0,0,0,0,0
"635","newport","rhode island",20,20,20,1225,1225,1225
"636","newport news","virginia",834,19.8571428571429,3,1591.09547619048,66826.01,77.5
"637","newton","missouri",7,2.33333333333333,1,31.3333333333333,94,25
"638","noble","indiana",1,1,1,1,1,1
"639","Non-USA","Non-USA",1444643,110.370769348308,13,9991.27636919904,130775816.396446,679
"640","norfolk","massachusetts",1906,28.8787878787879,13,2419.96712121212,159717.83,531.5
"641","norfolk","virginia",5967,41.7272727272727,6,3153.38125874126,450933.52,200
"642","northampton","pennsylvania",825,22.2972972972973,4,2016.56756756757,74613,120
"643","nye","nevada",9,2.25,2,29.25,117,38
"644","oakland","michigan",11131,60.4945652173913,4,3714.87309782609,683536.65,161.5
"645","ocean","new jersey",1675,42.9487179487179,3,3131.90153846154,122144.16,45
"646","ogle","illinois",16,16,16,816,816,816
"647","okaloosa","florida",5,1.25,1,149.25,597,20.5
"648","oklahoma","oklahoma",8120,31.843137254902,5,2448.76917647059,624436.14,170
"649","okmulgee","oklahoma",1,1,1,5,5,5
"650","oktibbeha","mississippi",239,47.8,10,2569,12845,235
"651","oneida","new york",1015,30.7575757575758,4,1908.60818181818,62984.07,143
"652","onondaga","new york",6513,39.9570552147239,16,2915.09509202454,475160.5,800
"653","ontario","new york",136,34,3,7558.75,30235,132.5
"654","orange","california",96931,129.41388518024,16,10655.756835781,7981161.87,1060.88
"655","orange","florida",57320,58.8501026694045,5,4867.04217659138,4740499.08,165
"656","orange","new york",992,62,5,5048.7825,80780.52,85
"657","orange","north carolina",6087,64.0736842105263,37,4203.77084210526,399358.23,1870
"658","orangeburg","south carolina",9,3,1,483.333333333333,1450,100
"659","orleans","louisiana",27918,54.8487229862475,17,4048.40827111984,2060639.81,1084
"660","osceola","florida",206,9.36363636363636,2,760.318181818182,16727,33
"661","otero","new mexico",314,39.25,8.5,4070.25,32562,160.5
"662","otsego","new york",170,17,5.5,1010.801,10108.01,207.5
"663","ottawa","michigan",2334,80.4827586206897,14,10785.8489655172,312789.62,1235
"664","otter tail","minnesota",99,19.8,12,1388.2,6941,610
"665","ouachita","louisiana",2043,31.4307692307692,3,2837.14630769231,184414.51,105
"666","outagamie","wisconsin",4396,97.6888888888889,16,6080.46355555556,273620.86,595
"667","oxford","maine",3,1,1,80.6666666666667,242,12
"668","ozaukee","wisconsin",779,129.833333333333,43.5,8130.185,48781.11,3487
"669","palm beach","florida",24354,66,5,5372.09577235772,1982303.34,185
"670","park","wyoming",216,24,15,3775.88888888889,33983,1530
"671","parker","texas",175,12.5,5,887,12418,295
"672","pasco","florida",1186,49.4166666666667,2,1942.9925,46631.82,10.5
"673","pasquotank","north carolina",595,119,2,8359.4,41797,220
"674","passaic","new jersey",3036,38.9230769230769,4,13104.9956410256,1022189.66,126.5
"675","payette","idaho",3,1.5,1.5,282.5,565,282.5
"676","payne","oklahoma",1916,66.0689655172414,19,5901.68965517241,171149,884
"677","pearl river","mississippi",17,4.25,3,91.75,367,83.5
"678","pennington","south dakota",868,33.3846153846154,16,3129.36,81363.36,536
"679","penobscot","maine",259,32.375,28,2854.25,22834,1561.5
"680","pettis","missouri",39,5.57142857142857,4,182.857142857143,1280,110
"681","phelps","missouri",9,2.25,1.5,40.5,162,21.5
"682","philadelphia","pennsylvania",97005,79.9052718286656,18,6694.6852553542,8127347.9,1025.5
"683","phillips","arkansas",4,4,4,265,265,265
"684","pickaway","ohio",6,1.5,1,59,236,55.5
"685","pickens","south carolina",375,19.7368421052632,2,1077.58526315789,20474.12,50
"686","pierce","washington",10951,60.5027624309392,21,5289.33331491713,957369.33,1130
"687","pierce","wisconsin",282,28.2,13.5,3561.746,35617.46,370.5
"688","pima","arizona",26656,74.0444444444445,13,5746.52747222222,2068749.89,683
"689","pinal","arizona",304,16,3,2618.36842105263,49749,57
"690","pinellas","florida",1781,16.8018867924528,3,1684.65698113208,178573.64,107.5
"691","pitt","north carolina",10933,57.2408376963351,7,4832.4735078534,923002.44,250
"692","pittsylvania","virginia",2162,98.2727272727273,3,15884.7590909091,349464.7,183
"693","placer","california",10704,148.666666666667,14,9729.77027777778,700543.46,642.5
"694","plymouth","iowa",1,1,1,1,1,1
"695","plymouth","massachusetts",2739,60.8666666666667,8,4188.29688888889,188473.36,420
"696","polk","florida",1985,21.5760869565217,3,1886.03489130435,173515.21,76
"697","polk","iowa",10237,68.2466666666667,10.5,3779.803,566970.45,496
"698","polk","minnesota",274,16.1176470588235,2,1910.57352941176,32479.75,48
"699","polk","missouri",338,30.7272727272727,7,2968.27272727273,32651,462
"700","pontotoc","oklahoma",14,2.8,2,102,510,60
"701","pope","arkansas",76,6.90909090909091,1,344.636363636364,3791,40
"702","portage","ohio",27,9,10,916.666666666667,2750,552
"703","portage","wisconsin",411,25.6875,5,1458.125625,23330.01,132.5
"704","porter","indiana",58,11.6,4,608.6,3043,350
"705","pottawattamie","iowa",112,12.4444444444444,2,355.41,3198.69,50
"706","potter","texas",739,21.7352941176471,6.5,2136.29911764706,72634.17,286
"707","poweshiek","iowa",17,8.5,8.5,180.5,361,180.5
"708","prince george","virginia",31,2.38461538461538,0,223.076923076923,2900,0
"709","prince georges","maryland",3841,36.5809523809524,4,2733.35447619048,287002.22,130
"710","prince william","virginia",1674,36.3913043478261,10,2539.42673913043,116813.63,374
"711","providence","rhode island",29581,97.6270627062706,22,9692.54762376238,2936841.93,1200
"712","pueblo","colorado",664,24.5925925925926,5,1226.53074074074,33116.33,290
"713","pulaski","arkansas",12830,94.3382352941177,5,8041.02654411765,1093579.61,152
"714","pulaski","virginia",180,20,2,1280,11520,105
"715","putnam","indiana",139,23.1666666666667,13,2275.16666666667,13651,1410
"716","putnam","tennessee",691,43.1875,19.5,2243.015,35888.24,1581.5
"717","quay","new mexico",28,14,14,1786,3572,1786
"718","racine","wisconsin",2114,72.8965517241379,16,7166.27862068966,207822.08,702
"719","raleigh","west virginia",1220,174.285714285714,6,8687.86,60815.02,550
"720","ramsey","minnesota",858,26.8125,12.5,2491.643125,79732.58,639
"721","ramsey","north dakota",1,1,1,5,5,5
"722","randolph","missouri",1,1,1,35,35,35
"723","randolph","north carolina",35,5,2,437.285714285714,3061,85
"724","rankin","mississippi",2,2,2,55,55,55
"725","rapides","louisiana",3,3,3,75,75,75
"726","reeves","texas",74,24.6666666666667,2,3094.03666666667,9282.11,21
"727","reno","kansas",141,35.25,38,1692,6768,971
"728","rensselaer","new york",5,2.5,2.5,45.5,91,45.5
"729","rice","minnesota",425,53.125,22,2157.78125,17262.25,1200
"730","richland","north dakota",13,13,13,1841,1841,1841
"731","richland","south carolina",16867,60.2392857142857,9.5,4148.62553571429,1161615.15,585
"732","richmond","Non-USA",77,12.8333333333333,0.5,256.5,1539,0.5
"733","richmond","north carolina",1,1,1,25,25,25
"734","rio arriba","new mexico",1,1,1,50,50,50
"735","riverside","california",9349,25.9694444444444,4.5,1833.92925,660214.53,183
"736","roanoke","virginia",3785,66.4035087719298,8,3438.80245614035,196011.74,411
"737","robeson","north carolina",196,28,4,19672.2857142857,137706,90
"738","rock","wisconsin",1630,62.6923076923077,3,2823.26307692308,73404.84,107.5
"739","rock island","illinois",917,38.2083333333333,9.5,2231.62708333333,53559.05,477.5
"740","rockdale","georgia",49,6.125,4.5,227,1816,136.5
"741","rockingham","new hampshire",1412,48.6896551724138,4,3861.64,111987.56,200
"742","rockingham","north carolina",59,6.55555555555556,4,466.111111111111,4195,120
"743","rockingham","virginia",2654,88.4666666666667,16,5876.53233333333,176295.97,460.5
"744","rockland","new york",602,27.3636363636364,5.5,2196.68181818182,48327,152.5
"745","rockwall","texas",5811,581.1,10.5,94491.9,944919,1141.5
"746","rogers","oklahoma",219,19.9090909090909,18,562.909090909091,6192,551
"747","roosevelt","new mexico",13,2.6,2,78.6,393,75
"748","ross","ohio",95,10.5555555555556,2,500.444444444444,4504,51
"749","routt","colorado",1574,104.933333333333,46,7287.91266666667,109318.69,4050
"750","rusk","texas",93,31,20,5353.67,16061.01,1500
"751","russell","alabama",0,0,0,0,0,0
"752","rutherford","tennessee",3605,68.0188679245283,7,4665.02018867925,247246.07,619
"753","rutland","vermont",274,34.25,19.5,1336.1875,10689.5,745
"754","sacramento","california",39541,68.1741379310345,11,5520.40001724138,3201832.01,514
"755","saginaw","michigan",809,22.4722222222222,4.5,985.138888888889,35465,135
"756","salem","new jersey",2,2,2,65,65,65
"757","saline","arkansas",31,4.42857142857143,4,187.357142857143,1311.5,23
"758","saline","kansas",634,63.4,35,5127.349,51273.49,1955.5
"759","salt lake","utah",179412,199.125416204218,18,18962.2978690344,17085030.38,1000
"760","san benito","california",33,8.25,6.5,532.25,2129,291.5
"761","san bernardino","california",8438,25.8834355828221,4,1863.71582822086,607571.36,149
"762","san diego","california",8239,62.4166666666667,13,4400.06492424242,580808.57,718
"763","san francisco","california",1010612,399.451383399209,49,45861.9647391304,116030770.79,3641.87
"764","san joaquin","california",1452,17.7073170731707,3,1679.44731707317,137714.68,84
"765","san juan","new mexico",3245,141.086956521739,7,5433.6947826087,124974.98,330
"766","san luis obispo","california",9134,103.795454545455,37,7457.27477272727,656240.18,1871.5
"767","san mateo","california",107144,723.945945945946,32.5,122627.053716216,18148803.95,2716
"768","sandoval","new mexico",86,7.81818181818182,1,318.818181818182,3507,10
"769","santa barbara","california",10313,332.677419354839,11,15748.0203225806,488188.63,500
"770","santa clara","california",386871,441.633561643836,32.5,67079.7527511416,58761863.41,2600
"771","santa cruz","california",3981,306.230769230769,54,43797.6923076923,569370,2421
"772","sarasota","florida",15460,92.0238095238095,11,5979.85404761905,1004615.48,577.5
"773","saratoga","new york",1175,33.5714285714286,4,1862.58142857143,65190.35,292
"774","sarpy","nebraska",10,3.33333333333333,3,138.333333333333,415,111
"775","sauk","wisconsin",157,39.25,33.5,1239.75,4959,1207
"776","schenectady","new york",346,16.4761904761905,6,922.238095238095,19367,110
"777","schuylkill","pennsylvania",213,26.625,20.5,1291.67125,10333.37,877.5
"778","scotland","north carolina",16,4,3.5,102.0375,408.15,81
"779","scott","iowa",620,20,5,1353.1935483871,41949,274
"780","scott","minnesota",595,49.5833333333333,5,5100.16666666667,61202,230.5
"781","scott","missouri",42,14,6,270.333333333333,811,373
"782","scotts bluff","nebraska",80,7.27272727272727,2,382.045454545455,4202.5,20
"783","sebastian","arkansas",182,10.1111111111111,3,769,13842,55
"784","sedgwick","kansas",4620,33.4782608695652,5,3346.76275362319,461853.26,203.5
"785","seminole","florida",2677,39.955223880597,5,3245.10835820896,217422.26,228
"786","seneca","ohio",39,4.33333333333333,2,147,1323,40
"787","sevier","tennessee",23,3.28571428571429,1,257.428571428571,1802,22
"788","shasta","california",1644,29.3571428571429,8.5,1401.17464285714,78465.78,293.5
"789","shawnee","kansas",1677,57.8275862068966,3,2925.05482758621,84826.59,35
"790","sheboygan","wisconsin",1488,106.285714285714,31,10184.6942857143,142585.72,1985
"791","shelby","alabama",411,41.1,21,2649.9,26499,1167.5
"792","shelby","ohio",309,38.625,16.5,1892,15136,785.5
"793","shelby","tennessee",7907,29.7255639097744,4,2329.20906015038,619569.61,100.5
"794","sherburne","minnesota",22,11,11,194,388,194
"795","sheridan","wyoming",400,40,3,2120.9,21209,20.5
"796","shiawassee","michigan",143,17.875,4.5,1363.75,10910,134
"797","silver bow","montana",8,4,4,239,478,239
"798","skagit","washington",22,22,22,1260.01,1260.01,1260.01
"799","smith","texas",1704,63.1111111111111,2,3741.17333333333,101011.68,25
"800","snohomish","washington",9772,108.577777777778,8.5,16369.5573333333,1473260.16,375.5
"801","solano","california",14344,132.814814814815,11.5,4360.85675925926,470972.53,603.5
"802","somerset","maine",7,7,7,825,825,825
"803","somerset","new jersey",1346,84.125,10,6878.71875,110059.5,283
"804","sonoma","california",7445,103.402777777778,23,9151.30333333333,658893.84,2424
"805","spalding","georgia",3216,459.428571428571,3,77152.3985714286,540066.79,235
"806","spartanburg","south carolina",293,10.4642857142857,3,723.892857142857,20269,88
"807","spokane","washington",10942,53.6372549019608,9,4056.84132352941,827595.63,385
"808","spotsylvania","virginia",7659,83.25,5.5,4088.2575,376119.69,295
"809","st bernard","louisiana",69,23,0,1725,5175,0
"810","st charles","missouri",589,117.8,2,3955,19775,24
"811","st clair","illinois",63,12.6,10,2029.4,10147,315
"812","st francis","arkansas",0,0,0,0,0,0
"813","st joseph","indiana",1630,26.2903225806452,7.5,1797.59774193548,111451.06,232.5
"814","st joseph","michigan",40,6.66666666666667,3,196.166666666667,1177,111.5
"815","st landry","louisiana",9,3,2,44.6666666666667,134,2
"816","st lawrence","new york",351,70.2,14,2537.2,12686,665
"817","st louis","minnesota",8995,136.287878787879,9,5881.43454545455,388174.68,312
"818","st louis","missouri",383,10.3513513513514,3,1015.27027027027,37565,100
"819","st lucie","florida",79,7.18181818181818,5,1698.32,18681.52,83
"820","st mary","louisiana",14,7,7,310.5,621,310.5
"821","st marys","maryland",174,24.8571428571429,7,1590.85714285714,11136,115
"822","st tammany","louisiana",79,6.07692307692308,2,396.520769230769,5154.77,83
"823","stanislaus","california",4399,64.6911764705882,4.5,2547.57897058824,173235.37,206
"824","stanly","north carolina",9,9,9,256,256,256
"825","stark","ohio",694,34.7,3.5,2745.0505,54901.01,113.5
"826","starr","texas",20,6.66666666666667,1,133,399,10
"827","stearns","minnesota",96,96,96,5025,5025,5025
"828","steele","minnesota",111,22.2,27,976.8,4884,556
"829","stephens","georgia",7,3.5,3.5,203,406,203
"830","steuben","indiana",30,15,15,1238,2476,1238
"831","steuben","new york",443,34.0769230769231,22,3047.07692307692,39612,1538
"832","story","iowa",883,25.9705882352941,4,1105.70970588235,37594.13,82
"833","strafford","new hampshire",114,38,5,2169,6507,385
"834","suffolk","massachusetts",241356,153.729936305732,34,14984.3414522293,23525416.08,1983
"835","suffolk","new york",4163,34.9831932773109,6,2415.31470588235,287422.45,300
"836","suffolk","virginia",269,22.4166666666667,2.5,1697.73083333333,20372.77,55
"837","sullivan","tennessee",154,9.05882352941176,4,418.744705882353,7118.66,201
"838","summit","ohio",16032,102.769230769231,5.5,7325.8525,1142832.99,178
"839","sumner","tennessee",538,38.4285714285714,8,2923.14285714286,40924,275
"840","sumter","georgia",41,20.5,20.5,800.5,1601,800.5
"841","sumter","south carolina",38,19,19,1572.5,3145,1572.5
"842","sussex","new jersey",671,167.75,56,6033.4225,24133.69,5774.845
"843","sutter","california",576,38.4,6,12835.9333333333,192539,175
"844","sweetwater","wyoming",181,36.2,20,4404.066,22020.33,4867
"845","talladega","alabama",16,16,16,914,914,914
"846","tallapoosa","alabama",3,1,1,33.3333333333333,100,5
"847","taos","new mexico",2134,85.36,24,7484.2788,187106.97,1806
"848","tarrant","texas",44131,97.6349557522124,7.5,7835.22289823009,3541520.75,382.5
"849","taylor","kentucky",96,96,96,5745,5745,5745
"850","taylor","texas",871,34.84,6,4969.614,124240.35,150
"851","tazewell","illinois",156,13,2.5,899.75,10797,105
"852","tehama","california",41,8.2,3,1044.6,5223,86
"853","terry","texas",182,91,91,5990.605,11981.21,5990.605
"854","thurston","washington",6684,52.6299212598425,12,2676.61669291339,339930.32,535
"855","tift","georgia",31,7.75,7.5,264.165,1056.66,263.33
"856","tippecanoe","indiana",718,28.72,8,2668.5936,66714.84,421
"857","tolland","connecticut",1592,56.8571428571429,10.5,2862.71464285714,80156.01,662.5
"858","tom green","texas",70,5,3,734.607142857143,10284.5,30.5
"859","tompkins","new york",4437,61.625,30,6682.31555555556,481126.72,1648
"860","tooele","utah",33,11,5,405,1215,205
"861","travis","texas",231327,139.437613019892,26,12232.5205424955,20293751.58,1810
"862","trumbull","ohio",0,0,0,0,0,0
"863","tulare","california",420,16.8,6,1011.88,25297,393
"864","tulsa","oklahoma",12481,54.7412280701754,9,3476.48561403509,792638.72,516.5
"865","tuscaloosa","alabama",10300,228.888888888889,4,13332.0742222222,599943.34,280
"866","tuscarawas","ohio",292,48.6666666666667,18,3493.33333333333,20960,501
"867","twin falls","idaho",271,15.9411764705882,6,941.647058823529,16008,405
"868","umatilla","oregon",430,33.0769230769231,6,1221.61538461538,15881,150
"869","union","arkansas",43,14.3333333333333,14,615,1845,815
"870","union","new jersey",3589,44.3086419753086,5,2673.24901234568,216533.17,186
"871","union","north carolina",53,17.6666666666667,14,1719.33333333333,5158,512
"872","union","oregon",158,22.5714285714286,3,1767.42857142857,12372,148
"873","upson","georgia",250,62.5,79.5,3744.0525,14976.21,1975
"874","utah","utah",120285,240.089820359281,33,21618.8740319361,10831055.89,1588
"875","uvalde","texas",1,0.5,0.5,0.5,1,0.5
"876","valencia","new mexico",27,9,10,559.333333333333,1678,478
"877","van wert","ohio",5,5,5,296,296,296
"878","vanderburgh","indiana",2246,39.4035087719298,6,2157.98421052632,123005.1,230
"879","venango","pennsylvania",57,19,3,483.333333333333,1450,135
"880","ventura","california",11546,97.8474576271186,6,9512.76669491525,1122506.47,247
"881","vigo","indiana",441,14.2258064516129,4,813.761290322581,25226.6,126
"882","virginia beach","virginia",6448,41.6,3,3818.47277419355,591863.28,90
"883","volusia","florida",3130,26.9827586206897,5,2565.88681034483,297642.87,145
"884","wabash","indiana",11,5.5,5.5,325.5,651,325.5
"885","wake","north carolina",49658,98.5277777777778,7,6580.14696428571,3316394.07,344
"886","walla walla","washington",569,27.0952380952381,6,2381.80952380952,50018,115
"887","walton","georgia",4,1,1,48.5,194,5.5
"888","walworth","wisconsin",249,62.25,23,7561.9225,30247.69,792.345
"889","wapello","iowa",1,1,1,60,60,60
"890","ward","north dakota",428,28.5333333333333,20,2264.418,33966.27,1465
"891","ware","georgia",4,1.33333333333333,0,20.3333333333333,61,0
"892","warren","illinois",50,10,2,632.4,3162,51
"893","warren","iowa",77,25.6666666666667,9,937.946666666667,2813.84,230
"894","warren","kentucky",843,18.7333333333333,7,1223.80333333333,55071.15,281
"895","warren","mississippi",868,124,20,35989.2857142857,251925,3200
"896","warren","new jersey",378,63,46,6847.33333333333,41084,3839
"897","warren","new york",101,9.18181818181818,4,664.272727272727,7307,120
"898","warren","ohio",256,18.2857142857143,9,1140.21428571429,15963,301.5
"899","warren","virginia",110,18.3333333333333,8.5,1319.2,7915.2,550
"900","waseca","minnesota",45,9,3,376.8,1884,33
"901","washington","arkansas",19,2.11111111111111,0,59,531,0
"902","washington","district of columbia",99672,85.1169940222032,14,6968.68228864219,8160326.96,736
"903","washington","idaho",15,15,15,445,445,445
"904","washington","louisiana",6,6,6,625,625,625
"905","washington","maryland",696,34.8,33.5,1489.55,29791,1202.5
"906","washington","minnesota",2091,67.4516129032258,9,4204.19935483871,130330.18,598
"907","washington","oklahoma",212,26.5,7,1482.75,11862,328.5
"908","washington","oregon",4352,61.2957746478873,6,4480.97323943662,318149.1,390
"909","washington","rhode island",1263,60.1428571428571,2,756.960476190476,15896.17,100
"910","washington","tennessee",1390,30.8888888888889,8,2370.33133333333,106664.91,261
"911","washington","texas",134,67,67,4759.5,9519,4759.5
"912","washington","utah",698,139.6,15,31628.2,158141,645
"913","washington","vermont",3044,82.2702702702703,40,6142.78378378378,227283,2825
"914","washington","wisconsin",192,16,5,853.249166666667,10238.99,115.5
"915","washoe","nevada",8248,45.5690607734807,11,4055.31767955801,734012.5,572
"916","washtenaw","michigan",35226,138.685039370079,22.5,14032.7364173228,3564315.05,1221.13
"917","watauga","north carolina",1424,41.8823529411765,10,2997.05882352941,101900,677.5
"918","waukesha","wisconsin",8340,143.793103448276,15,5469.82172413793,317249.66,862
"919","wayne","georgia",71,35.5,35.5,1159.5,2319,1159.5
"920","wayne","michigan",9784,52.8864864864865,5,9522.05308108108,1761579.82,165
"921","wayne","north carolina",19,6.33333333333333,1,345.34,1036.02,10
"922","wayne","ohio",168,28,13.5,2272.25833333333,13633.55,625.275
"923","webb","texas",650,40.625,4.5,2686.1875,42979,125.5
"924","weber","utah",31441,436.680555555556,9.5,28440.79375,2047737.15,375.5
"925","webster","iowa",11,3.66666666666667,2,279,837,150
"926","weld","colorado",1061,75.7857142857143,22.5,4221.50071428571,59101.01,1075.5
"927","wells","indiana",670,47.8571428571429,3.5,1827.15642857143,25580.19,137.5
"928","westchester","new york",3980,33.4453781512605,13,2590.43588235294,308261.87,1025
"929","westmoreland","pennsylvania",62,12.4,3,372.8,1864,45
"930","wexford","michigan",42,10.5,8.5,1782.25,7129,455
"931","wharton","texas",22,7.33333333333333,9,460.666666666667,1382,405
"932","whatcom","washington",0,0,0,0,0,0
"933","white","arkansas",26,13,13,1950.5,3901,1950.5
"934","whiteside","illinois",6401,182.885714285714,8,37535.64,1313747.4,351
"935","whitfield","georgia",207,18.8181818181818,9,2605.27272727273,28658,177
"936","whitman","washington",1302,81.375,14.5,6897.625,110362,310.5
"937","wichita","texas",529,44.0833333333333,4,4192.36833333333,50308.42,113
"938","will","illinois",465,11.625,2.5,887.04425,35481.77,64
"939","williams","north dakota",451,56.375,23.5,4209.1875,33673.5,1217.5
"940","williamson","illinois",63,31.5,31.5,1602.5,3205,1602.5
"941","williamson","tennessee",3689,56.7538461538462,12,4815.84938461538,313030.21,1225
"942","williamson","texas",625,18.9393939393939,6,1152.83909090909,38043.69,250
"943","wilson","north carolina",348,58,33,3211.5,19269,1005
"944","wilson","tennessee",416,83.2,6,7626.112,38130.56,326
"945","windham","connecticut",399,36.2727272727273,2,1759,19349,21
"946","windham","vermont",1125,66.1764705882353,46,8418.70647058823,143118.01,3335
"947","winnebago","illinois",2407,42.2280701754386,8,3100.08368421053,176704.77,246
"948","winnebago","wisconsin",4911,129.236842105263,11,5457.46789473684,207383.78,534
"949","winona","minnesota",146,16.2222222222222,4,6327.44444444444,56947,175
"950","wood","ohio",1627,147.909090909091,36,8968.86272727273,98657.49,2881
"951","wood","west virginia",208,34.6666666666667,1.5,1501.98,9011.88,15
"952","wood","wisconsin",212,35.3333333333333,30,2345.33333333333,14072,3189.5
"953","woodbury","iowa",1010,67.3333333333333,2,5537.26666666667,83059,30
"954","woodward","oklahoma",3,3,3,26,26,26
"955","worcester","massachusetts",9641,67.4195804195804,9,4135.22181818182,591336.72,414
"956","wright","minnesota",2,1,1,20,40,20
"957","yakima","washington",369,24.6,10,1265.56,18983.4,290
"958","yamhill","oregon",43,4.77777777777778,3,355.333333333333,3198,120
"959","yankton","south dakota",6,1.5,0.5,35.25,141,0.5
"960","yavapai","arizona",1296,19.6363636363636,6,1838.57772727273,121346.13,182.5
"961","yellowstone","montana",1656,66.24,11,5119.7252,127993.13,958
"962","yolo","california",4358,72.6333333333333,8.5,5575.45766666667,334527.46,420.5
"963","york","maine",2145,85.8,28,9038.5508,225963.77,1301
"964","york","south carolina",655,22.5862068965517,2,1144.11482758621,33179.33,75
"965","yuba","california",2,2,2,2,2,2
"966","yuma","arizona",77,7,1,380.979090909091,4190.77,7.77
